{"cameraMode":{"drawMode":0,"name":"Shaded","section":"Shading Mode"},"sceneLighting":false,"audioPlay":false,"sceneViewState":{"m_AlwaysRefresh":false,"showFog":true,"showSkybox":false,"showFlares":true,"showImageEffects":true,"showParticleSystems":true,"showVisualEffectGraphs":true,"m_FxEnabled":true},"in2DMode":false,"pivot":{"x":0.26027509570121767,"y":-0.8247032165527344,"z":0.7706766128540039},"rotation":{"x":-0.3622390329837799,"y":-0.12674027681350709,"z":0.04932372272014618,"w":-0.9221487641334534},"size":3.335230827331543,"orthographic":false}