{"cameraMode":{"drawMode":0,"name":"Shaded","section":"Shading Mode"},"sceneLighting":true,"audioPlay":false,"sceneViewState":{"m_AlwaysRefresh":false,"showFog":true,"showSkybox":true,"showFlares":true,"showImageEffects":true,"showParticleSystems":true,"showVisualEffectGraphs":true,"m_FxEnabled":true},"in2DMode":false,"pivot":{"x":24.526348114013673,"y":-20.978187561035158,"z":29.603363037109376},"rotation":{"x":-0.18159286677837373,"y":-0.34768208861351015,"z":0.06868938356637955,"w":-0.9174279570579529},"size":46.57698440551758,"orthographic":false}