{"cameraMode":{"drawMode":0,"name":"Shaded","section":"Shading Mode"},"sceneLighting":false,"audioPlay":false,"sceneViewState":{"m_AlwaysRefresh":false,"showFog":true,"showSkybox":false,"showFlares":true,"showImageEffects":true,"showParticleSystems":true,"showVisualEffectGraphs":true,"m_FxEnabled":true},"in2DMode":false,"pivot":{"x":-0.04121518135070801,"y":0.08439125120639801,"z":0.06044912338256836},"rotation":{"x":-0.04125463217496872,"y":0.5011594295501709,"z":-0.023928076028823854,"w":-0.8640420436859131},"size":0.8660253882408142,"orthographic":false}