{"cameraMode":{"drawMode":0,"name":"Shaded","section":"Shading Mode"},"sceneLighting":false,"audioPlay":false,"sceneViewState":{"m_AlwaysRefresh":false,"showFog":true,"showSkybox":false,"showFlares":true,"showImageEffects":true,"showParticleSystems":true,"showVisualEffectGraphs":true,"m_FxEnabled":true},"in2DMode":false,"pivot":{"x":-4.294641017913818,"y":3.0325489044189455,"z":-2.067539691925049},"rotation":{"x":0.052691299468278888,"y":0.9420369267463684,"z":0.17725695669651032,"w":-0.28000137209892275},"size":6.295082092285156,"orthographic":false}